Product Name,Description,Type,Price,Price_Value,Pros,Cons,Best For,Link,Image_URL
SpringWell CF1,High-capacity whole-house filter for city water with carbon/KDF stages.,Whole-House,"$1,039 ",1039,"Great contaminant removal, low maintenance",No softening,Municipal homes,https://qualitywaterlab.com/whole-house/springwell-filter-system-review/,https://i.imgur.com/SVeMiCw.png
SpringWell WS,Iron/sulfur removal system for well water using air injection technology.,Whole-House,"$2,205 ",2205,"Great for well water, smart features",Pricey,Well water,https://www.springwellwater.com/product/well-water/whole-house-iron-filter/,https://i.imgur.com/iEndQVv.png
Aquasana EQ-1000 + Conditioner,Comprehensive filter with optional salt-free conditioner for large homes.,Whole-House,"$2,500 ",2500,Good combo of filter + conditioner,Slower flow,Large homes,https://www.amazon.com/Aquasana-EQ-1000-AST-UV-Whole-Filter-System/dp/B09DTZVTQK,https://i.imgur.com/tZaUUM4.png
Kind E-1000,Budget-friendly whole-house carbon system with easy installation.,Whole-House,$770 ,770,"Affordable, easy install",Lower capacity,Budget-conscious users,https://qualitywaterlab.com/whole-house/evo-e-1000-review/,https://i.imgur.com/XEaY7eB.png
iSpring RCC7,Affordable reverse osmosis under-sink system with high contaminant removal.,Under-Sink RO,$200 ,200,"Strong performance, good value",Requires plumbing,Under-sink RO seekers,https://www.ispringfilter.com/ac/ispring-rcc7-5-stage-residential-under-sink-reverse-osmosis-water-filter-system-wqa-certified-75-gpd,https://i.imgur.com/zSDJ7CY.png
Bluevua RO100ROPOT,Portable countertop RO system with no installation needed.,Countertop RO,$434 ,434,"No install, portable","Expensive, takes counter space","Renters, portable needs",https://www.techgearlab.com/reviews/kitchen/water-filter/bluevua-ro100ropot,https://i.imgur.com/ObKkR2Z.png
Clearly Filtered 3-Stage Under the Sink Water Filter System,Advanced under-sink system removing over 200 contaminants.,Under-Sink,$170/yr,170,Removes >200 contaminants,Maintenance cost,Health-conscious households,https://clearlyfiltered.com/products/3-stage-under-the-sink-filter-unit,https://i.imgur.com/tHsOH2T.png
Big Berkey,Gravity-fed system ideal for off-grid and emergency use.,Countertop/Gravity,$408 ,408,"No power, high effectiveness","Slow, not NSF-certified",Emergency or off-grid users,https://www.techgearlab.com/reviews/kitchen/water-filter/big-berkey,https://i.imgur.com/xUgus1O.png
Brita Pitcher,Simple and affordable pitcher for basic chlorine removal.,Pitcher,$25 ,25,"Cheap, easy to use",Basic filtering only,Basic everyday use,https://www.techgearlab.com/reviews/kitchen/water-filter/brita-everyday-pitcher,https://i.imgur.com/I6bw8KU.png
ZeroWater 10-Cup 5-Stage Pitcher,"Pitcher filter with 5-stage filtration, removes virtually all dissolved solids.",Pitcher,$35 ,35,"Excellent contaminant removal, affordable, easy to use.",Filters require frequent replacement.,Individuals seeking high-quality drinking water.,https://shop.culligan.com/products/10-cup-zerowater-pitcher?add_on=50306567995711&selling_plan=8119845183,https://i.imgur.com/f6KoEy7.png
RKIN AlcaPure Zero Installation Purifier,"Countertop reverse osmosis system with remineralization, no installation required.",Countertop RO,$375 ,375,"Removes up to 99% of contaminants, adds beneficial minerals, easy setup.","Higher upfront cost, slower filtration rate.",Renters or those seeking installation-free RO systems.,https://rkin.com/products/zero-installation-purifier-countertop-reverse-osmosis-water-filter,https://i.imgur.com/xcN8oaH.png
Waterdrop X16-Alkaline Tankless RO System,Under-sink tankless reverse osmosis system with remineralization and smart display.,Under-Sink RO,$599 ,599,"High flow rate, space-saving design, adds minerals back to water.","Requires electricity, professional installation recommended.",Homeowners seeking advanced under-sink RO systems.,https://www.waterdropfilter.com/products/undersink-reverse-osmosis-system-x16,https://i.imgur.com/NSKOeRD.png
Santevia Gravity Water System,"Gravity-fed countertop filter that removes contaminants and adds minerals, improving pH.",Countertop/Gravity,$199 ,199,"Enhances taste, adds beneficial minerals, no electricity required.","Slower filtration rate, plastic construction.",Households seeking mineral-rich filtered water.,https://santevia.com/products/gravity-water-system,https://i.imgur.com/OXQ5Ior.png
Katadyn BeFree AC 1.0L Water Filter Bottle,"Portable soft bottle with activated carbon filter, ideal for hiking and backpacking.",Portable Bottle,$50 ,50,"Lightweight, easy to clean, improves taste.","Does not remove viruses, limited capacity.",Hikers and backpackers needing portable filtration.,https://www.amazon.com/Katadyn-Ultralight-Collapsible-Camping-Backpacking/dp/B0DT99W4MK?th=1,https://i.imgur.com/gpcpe3J.png
LifeStraw Personal Water Filter,Compact straw-style filter that removes bacteria and parasites from water sources.,Portable Straw,$20 ,20,"Extremely portable, no setup required, long lifespan.","Does not filter chemicals or viruses, single-person use only.","Emergency kits, travelers, and hikers.",https://lifestraw.com/products/lifestraw,https://i.imgur.com/cXxeTcQ.png
MSR Guardian Purifier,"High-end portable purifier that removes viruses, bacteria, and particulates, suitable for extreme conditions.",Portable Purifier,$200 ,200,"Removes a wide range of contaminants, durable, fast flow rate.","Expensive, heavier than other portable options.",Travelers in areas with questionable water quality.,https://cascadedesigns.com/products/guardian-purifier,https://i.imgur.com/QcLRNNH.png
Piurify Alchemy Electric Water Filter Pitcher,"Electric pitcher with ultrafiltration and carbon tech, removes 99% of contaminants quickly.",Electric Pitcher,$70 ,70,"Fast filtration, removes a wide range of contaminants, enhances taste.","Requires electricity, smaller capacity.",Coffee enthusiasts and households seeking quick filtration.,https://www.piurify.com/products/alchemy-automatic-water-filter-pitcher,https://i.imgur.com/EzfPk2w.jpeg
